"city","avg_rating"
"Yangon","7.0270588235294118"
"Naypyitaw","7.0728658536585366"
"Mandalay","6.8180722891566265"
